{"version":1,"map":"KP","exported_at":"2026-06-04T14:03:07.929724","shelves":{"1":{"x":204.00000000000006,"y":55.14285714285717,"rotation":1.570796326794896,"scale":0.6},"2":{"x":203.99999999999983,"y":138.5714285714286,"rotation":1.570796326794896,"scale":0.6},"3":{"x":203.9999999999999,"y":223.71428571428567,"rotation":1.570796326794896,"scale":0.6},"4":{"x":203.42857142857187,"y":309.99999999999994,"rotation":1.570796326794896,"scale":0.6},"5":{"x":205.14285714285722,"y":392.8571428571427,"rotation":1.570796326794896,"scale":0.6},"6":{"x":207.4285714285718,"y":473.4285714285714,"rotation":1.570796326794896,"scale":0.6},"7":{"x":237.7142857142863,"y":34.00000000000003,"rotation":3.1415926535897967,"scale":0.6},"8":{"x":242.28571428571496,"y":153.4285714285714,"rotation":0.0,"scale":0.6},"9":{"x":242.28571428571496,"y":205.42857142857144,"rotation":3.141592653589791,"scale":0.6},"10":{"x":240.00000000000188,"y":317.99999999999994,"rotation":0.0,"scale":0.6},"11":{"x":237.7142857142888,"y":373.42857142857144,"rotation":3.1415926535897967,"scale":0.6},"12":{"x":238.2857142857148,"y":494.57142857142844,"rotation":0.0,"scale":0.6},"13":{"x":277.7142857142862,"y":51.14285714285705,"rotation":4.7123889803846915,"scale":0.6},"14":{"x":330.8571428571437,"y":52.285714285714334,"rotation":1.570796326794896,"scale":0.6},"15":{"x":530.857142857143,"y":59.71428571428578,"rotation":1.570796326794896,"scale":0.6},"16":{"x":530.8571428571429,"y":144.85714285714283,"rotation":1.570796326794896,"scale":0.6},"17":{"x":529.7142857142851,"y":235.14285714285705,"rotation":1.570796326794896,"scale":0.6},"18":{"x":526.8571428571433,"y":315.7142857142858,"rotation":1.570796326794896,"scale":0.6},"19":{"x":525.7142857142857,"y":403.7142857142856,"rotation":1.570796326794896,"scale":0.6},"20":{"x":525.7142857142854,"y":487.1428571428571,"rotation":1.570796326794896,"scale":0.6},"21":{"x":476.5714285714286,"y":59.14285714285717,"rotation":4.7123889803846915,"scale":0.6},"22":{"x":477.14285714285654,"y":144.28571428571416,"rotation":4.7123889803846915,"scale":0.6},"23":{"x":476.5714285714286,"y":235.14285714285705,"rotation":4.7123889803846915,"scale":0.6},"24":{"x":474.2857142857145,"y":313.99999999999983,"rotation":4.7123889803846915,"scale":0.6},"25":{"x":471.4285714285712,"y":402.5714285714283,"rotation":4.7123889803846915,"scale":0.6},"26":{"x":472.00000000000034,"y":485.42857142857144,"rotation":4.7123889803846915,"scale":0.6},"27":{"x":442.8571428571424,"y":73.99999999999994,"rotation":0.0,"scale":0.6},"28":{"x":442.8571428571427,"y":126.57142857142873,"rotation":3.141592653589791,"scale":0.6},"29":{"x":438.8571428571421,"y":243.7142857142855,"rotation":0.0,"scale":0.6},"30":{"x":438.85714285714204,"y":295.142857142857,"rotation":3.1415926535897967,"scale":0.6},"31":{"x":437.7142857142855,"y":501.99999999999966,"rotation":5.800915303666443e-15,"scale":0.6},"32":{"x":438.28571428571416,"y":558.0,"rotation":3.1415926535897967,"scale":0.6},"33":{"x":130.8571428571429,"y":212.28571428571428,"rotation":0.0,"scale":0.6},"34":{"x":130.28571428571428,"y":287.1428571428571,"rotation":0.0,"scale":0.6},"35":{"x":126.85714285714289,"y":340.85714285714283,"rotation":0.0,"scale":0.6},"36":{"x":123.42857142857144,"y":395.71428571428567,"rotation":0.0,"scale":0.6},"37":{"x":120.57142857142861,"y":460.85714285714283,"rotation":0.0,"scale":0.6},"38":{"x":121.7142857142857,"y":524.2857142857142,"rotation":0.0,"scale":0.6},"39":{"x":110.85714285714278,"y":556.2857142857143,"rotation":0.0,"scale":0.6},"40":{"x":58.28571428571428,"y":24.85714285714289,"rotation":0.0,"scale":0.6},"41":{"x":50.85714285714289,"y":82.57142857142856,"rotation":0.0,"scale":0.6},"42":{"x":47.428571428571416,"y":146.57142857142856,"rotation":0.0,"scale":0.6},"43":{"x":43.428571428571445,"y":211.1428571428571,"rotation":0.0,"scale":0.6},"44":{"x":37.71428571428572,"y":277.4285714285714,"rotation":0.0,"scale":0.6},"45":{"x":36.00000000000003,"y":326.57142857142856,"rotation":0.0,"scale":0.6},"46":{"x":31.428571428571416,"y":391.14285714285717,"rotation":0.0,"scale":0.6},"47":{"x":29.142857142857167,"y":461.42857142857144,"rotation":0.0,"scale":0.6},"48":{"x":26.285714285714306,"y":524.2857142857143,"rotation":0.0,"scale":0.6},"49":{"x":37.714285714285694,"y":567.7142857142857,"rotation":0.0,"scale":0.6},"50":{"x":-65.71428571428571,"y":117.42857142857139,"rotation":0.0,"scale":0.6},"51":{"x":-66.28571428571428,"y":184.28571428571428,"rotation":0.0,"scale":0.6},"52":{"x":-64.57142857142856,"y":252.28571428571433,"rotation":0.0,"scale":0.6},"53":{"x":-63.42857142857146,"y":328.2857142857143,"rotation":0.0,"scale":0.6},"54":{"x":-67.99999999999999,"y":406.5714285714286,"rotation":0.0,"scale":0.6},"55":{"x":-66.85714285714288,"y":483.14285714285717,"rotation":0.0,"scale":0.6},"56":{"x":-64.5714285714286,"y":555.7142857142857,"rotation":0.0,"scale":0.6}},"elements":{},"mapOffset":{"x":555.142857142859,"y":264.5714285714282}}
